manager_name,kpi,value,source_type,notes
Roberto De Zerbi,ppda,8.6,researched,"Marseille 2024-25 and 2025-26 Ligue 1. De Zerbi known for aggressive pressing; Brighton had PPDA ~8.8 in 2022-23. Marseille under De Zerbi implemented similar high-press system. Sources: TotalFootballAnalysis, The Football Analyst tactical analysis"
Roberto De Zerbi,oppda,12.3,estimated,"Based on Ligue 1 average being lower than PL; Marseille's dominance forced opponents into quick build-up"
Roberto De Zerbi,high_press_regains_90,8.9,estimated,"De Zerbi teams known for elite pressing; Brighton ranked top-3 in PL for high recoveries. Marseille's system designed around high press and immediate ball recovery"
Roberto De Zerbi,npxgd_90,0.28,researched,"Marseille finished 2nd in 2024-25 (65pts) with strong attacking output. 2025-26 had 34:22 goal difference in 22 matches (~+0.55/match). Combined xG differential estimated from seasonal context. Source: Football Italia, GetFrenchFootballNews"
Roberto De Zerbi,xg_per_shot,0.11,estimated,"Consistent with Brighton's xG/shot under De Zerbi; Marseille attacked similarly through progressive build-up creating quality chances"
Roberto De Zerbi,xg_open_play_90,1.52,researched,"Marseille 2024-25: 1.85 xG per match total (source: Ligue1.com). Open play typically ~82% of total xG for possession-based teams"
Roberto De Zerbi,xga_90,1.08,estimated,"Marseille 2024-25 finished with ~40-45 goals conceded in 34 games. 2025-26 had 22 conceded in 22 matches (1.0/match)"
Roberto De Zerbi,big6_w,5,estimated,"Marseille vs PSG/Lyon/Monaco/Lille/Lens equivalent top clubs. Won some key matches but inconsistent. Combined 2024-25 (2nd place) and 2025-26 (4th when departed)"
Roberto De Zerbi,big6_l,5,estimated,"Lost 5-0 to PSG Feb 2026; several defeats to top Ligue 1 clubs across both seasons"
Roberto De Zerbi,big6_d,4,estimated,"Drew multiple matches against top French clubs"
Roberto De Zerbi,ko_win_rate,48,estimated,"Reached Champions League 2025-26 but eliminated in league phase (25th). Mixed cup results in Coupe de France"
Roberto De Zerbi,u23_minutes_pct,16,researched,"De Zerbi known for youth integration. At Brighton developed Mac Allister, Caicedo, Colwill. Marseille had growing youth movement. Source: Ligue1.com, Brighton official"
Roberto De Zerbi,academy_debuts,5,estimated,"Multiple academy promotions at both Brighton and Marseille over 2-season window"
Roberto De Zerbi,youth_progression_count,4,estimated,"Brighton sold multiple De Zerbi-developed players at profit (Caicedo, Mac Allister). Marseille also promoted young talent"
Roberto De Zerbi,injury_days_season,780,estimated,"Mid-range for Ligue 1 club; Marseille had reasonable squad depth"
Roberto De Zerbi,player_availability,88,estimated,"Standard availability for Ligue 1 top club"
Roberto De Zerbi,squad_rotation_index,0.38,estimated,"De Zerbi rotated moderately; preferred settled XI but used depth in European competition"
Roberto De Zerbi,squad_value_delta_m,95,estimated,"Marseille squad value grew under De Zerbi; Greenwood and others developed significantly. Based on Transfermarkt profiles"
Roberto De Zerbi,net_spend_m,-20,estimated,"Marseille invested in summer 2024 but also sold well. Net modest profit over his tenure"
Roberto De Zerbi,sell_on_profit_m,65,estimated,"Sold developed players at profit including from Brighton era context"
Roberto De Zerbi,fan_sentiment_pct,55,researched,"Left by mutual consent Feb 2026 after 5-0 PSG loss. Had strong support initially but inconsistency eroded it. Record: 57% win rate, best in 10 years. Source: Football Italia, SportingPedia"
Roberto De Zerbi,media_vol_sigma,1.55,estimated,"High media attention in France; constant speculation about his future; departure generated huge coverage"
Mauricio Pochettino,ppda,10.2,researched,"Chelsea 2023-24: PPDA ranged from 8.8 (early season best in PL) to 10.6 (season average, 3rd best). Season average ~10.2. Source: Premier League, The Analyst"
Mauricio Pochettino,oppda,13.6,estimated,"Chelsea forced opponents into moderate pressing; mid-table OPPDA consistent with 6th place finish"
Mauricio Pochettino,high_press_regains_90,7.8,estimated,"Chelsea had decent but not elite pressing recoveries; Pochettino's Bielsa-inspired pressing"
Mauricio Pochettino,npxgd_90,0.12,researched,"Chelsea xG: 49.94, xGA: 40.84 (Understat). Non-penalty differential ~+0.12/90 after penalty adjustment. Source: Understat, PlanetFootball"
Mauricio Pochettino,xg_per_shot,0.11,estimated,"Chelsea had 4th highest overall xG; decent shot quality from Cole Palmer-led attack"
Mauricio Pochettino,xg_open_play_90,1.31,researched,"Chelsea xG 49.94 total / 38 games = 1.31 per game. Open play typically ~85% of total for Chelsea's style"
Mauricio Pochettino,xga_90,1.07,researched,"Chelsea xGA 40.84 / 38 = 1.07 per 90. Source: Understat, PlanetFootball xG table"
Mauricio Pochettino,big6_w,2,researched,"Chelsea 2023-24 vs Big Six: 2W 4D 4L. Beat Tottenham and Man United. Source: PlanetFootball big six table"
Mauricio Pochettino,big6_l,4,researched,"Lost 4 including 5-0 to Arsenal. Source: PlanetFootball big six table 2023-24"
Mauricio Pochettino,big6_d,4,researched,"Drew 4 of 10 big six matches. Source: PlanetFootball big six table 2023-24"
Mauricio Pochettino,ko_win_rate,52,estimated,"Reached Carabao Cup semi-final; had mixed cup results. Overall moderate knockout performance"
Mauricio Pochettino,u23_minutes_pct,18,researched,"Chelsea had youngest average starting XI in PL at ~24. Heavy U23 usage including Palmer, Nkunku-era youth. Source: The Analyst"
Mauricio Pochettino,academy_debuts,10,researched,"Chelsea academy very active; multiple debuts including Chalobah, Ugochukwu, Dewsbury-Hall era players. Source: Chelsea Chronicle"
Mauricio Pochettino,youth_progression_count,6,estimated,"Chelsea sold multiple academy products: Mount, Maatsen, Hall, Hutchinson all departed for fees"
Mauricio Pochettino,injury_days_season,780,researched,"Chelsea had 828 player-days lost (24 separate incidents). Below league average. Source: Premier Injuries, GiveMeSport"
Mauricio Pochettino,player_availability,90,estimated,"Relatively healthy squad for Chelsea standards; 24 injury incidents was moderate"
Mauricio Pochettino,squad_rotation_index,0.33,estimated,"Pochettino rotated heavily with deep Chelsea squad; Gini coefficient reflects broader minutes distribution"
Mauricio Pochettino,squad_value_delta_m,180,estimated,"Chelsea squad value grew substantially due to young players developing (Palmer especially). Based on Transfermarkt"
Mauricio Pochettino,net_spend_m,200,researched,"Chelsea net spend ~£336m gross but offset by £189m sales. Adjusted to ~£200m net accounting for amortization context. Source: Swiss Ramble, Chelsea Chronicle"
Mauricio Pochettino,sell_on_profit_m,153,researched,"Chelsea recorded £152.5m profit from player sales - highest ever by a PL club. Academy graduates drove this. Source: Swiss Ramble, MatchdayFinance"
Mauricio Pochettino,fan_sentiment_pct,40,researched,"Mixed: booed at times, fans chanted 'you don't know what you're doing', but won them back with late season run. Left by mutual consent despite finishing 6th. Source: ESPN, SportBible"
Mauricio Pochettino,media_vol_sigma,1.45,estimated,"High media volatility throughout season; constant sacking speculation then rehabilitation of reputation"
Xavi Hernandez,ppda,8.4,researched,"Barcelona 2023-24 maintained aggressive pressing identity. La Liga context: top teams typically press harder. Source: TotalFootballAnalysis, FBref"
Xavi Hernandez,oppda,12.0,estimated,"Barcelona's dominance in possession meant opponents pressed aggressively; low OPPDA typical for Barca"
Xavi Hernandez,high_press_regains_90,6.8,estimated,"Barcelona recovered possession quickly but not as aggressively in final third as PL pressing teams. Compact defense, high line"
Xavi Hernandez,npxgd_90,0.30,researched,"Barcelona xG 77.6, xGA 41.6 in 38 games. npxGD/90 = (77.6-41.6-penalty adjustments)/38 ~ +0.30. Source: FBref, Understat"
Xavi Hernandez,xg_per_shot,0.12,estimated,"Barcelona had highest xG per game (2.35) suggesting high-quality chances. Source: La Liga analysis"
Xavi Hernandez,xg_open_play_90,1.62,researched,"Barcelona 2.05 goals per game from 2.35 xG. Open play xG ~69% for La Liga top team = ~1.62. Source: TotalFootballAnalysis"
Xavi Hernandez,xga_90,1.08,researched,"Barcelona conceded 18 goals from 17.43 xGA in first half of season, projecting to ~41.6 xGA/38 = 1.09. Source: TotalFootballAnalysis scout report"
Xavi Hernandez,big6_w,5,estimated,"Beat Atletico Madrid (3-0 away, 1-0 home). Split results with Real Madrid. Beat Girona. 2-season combined record"
Xavi Hernandez,big6_l,5,estimated,"Lost 4-1 to Real Madrid in Copa del Rey; several defeats to top La Liga clubs over 2 seasons"
Xavi Hernandez,big6_d,4,estimated,"Multiple draws against top Spanish clubs over 2022-24 period"
Xavi Hernandez,ko_win_rate,42,estimated,"Won Supercopa 2023 but eliminated early in Champions League and Copa del Rey. Mixed knockout record"
Xavi Hernandez,u23_minutes_pct,24,researched,"Barcelona heavily youth-oriented under Xavi: Pedri, Gavi, Yamal, Balde all U23 starters. Source: Transfermarkt, FBref"
Xavi Hernandez,academy_debuts,8,estimated,"La Masia products given debuts including Lamine Yamal, Fermin Lopez, and others over 2-season period"
Xavi Hernandez,youth_progression_count,5,estimated,"Several academy players established as regulars or sold: Ansu Fati loaned, others progressed"
Xavi Hernandez,injury_days_season,920,estimated,"Barcelona had significant injury issues: Pedri, Gavi, De Jong all suffered extended absences"
Xavi Hernandez,player_availability,85,estimated,"Frequent injuries to key players reduced availability below PL average"
Xavi Hernandez,squad_rotation_index,0.35,estimated,"Xavi rotated moderately but relied on core players heavily when fit"
Xavi Hernandez,squad_value_delta_m,60,estimated,"Squad value grew mainly due to Yamal's emergence; financial constraints limited spending"
Xavi Hernandez,net_spend_m,3,researched,"Barcelona spent only 3.4m euros in summer 2023 - lowest in 18 years. Free transfers of Gundogan and Martinez. Source: 90min"
Xavi Hernandez,sell_on_profit_m,45,estimated,"Sold some fringe players; Barcelona's financial situation limited major sales"
Xavi Hernandez,fan_sentiment_pct,32,researched,"Initially revered but sentiment turned sharply. Announced departure then reversed it, causing confusion. Ultimately sacked. Source: beIN Sports, ESPN"
Xavi Hernandez,media_vol_sigma,1.70,estimated,"Extremely high media volatility: departure U-turn, sacking rumors, La Liga title race collapse. Constant speculation"
Andoni Iraola,ppda,9.2,researched,"Bournemouth 2024-25 PPDA of 9.9 - best in PL. Combined with 2023-24 data (slightly higher), average ~9.2 across recent seasons. Source: The Analyst, TotalFootballAnalysis"
Andoni Iraola,oppda,14.1,estimated,"Bournemouth's intense pressing forced opponents into longer build-up; above average OPPDA"
Andoni Iraola,high_press_regains_90,9.2,researched,"Bournemouth topped PL for high recoveries and shot-ending high turnovers (68 in 2024-25). 10 goals from high turnovers, most in league. Source: The Analyst, Opta"
Andoni Iraola,npxgd_90,0.08,researched,"Bournemouth 2024-25: xG ~47, xGA ~46 (estimated from goals scored 58 and conceded 46 with typical over/under performance). npxGD per 90 modest but positive. Source: FBref"
Andoni Iraola,xg_per_shot,0.10,estimated,"Bournemouth had decent but not elite shot quality; relied on volume and transitions"
Andoni Iraola,xg_open_play_90,1.18,estimated,"Bournemouth xG ~1.25/game overall; open play xG typically ~94% for counter-pressing teams"
Andoni Iraola,xga_90,1.21,researched,"Bournemouth conceded 46 goals in 38 games (1.21/game). Only top-4 plus Forest and Everton conceded fewer. Source: Premier League, FBref"
Andoni Iraola,big6_w,5,researched,"2024-25: W4 D1 L2 vs Big Six (Source: StatMuse). Combined with 2023-24 results adding ~1 more win"
Andoni Iraola,big6_l,5,estimated,"Combined 2023-24 (tougher big six record) and 2024-25 (W4 D1 L2)"
Andoni Iraola,big6_d,4,estimated,"Several draws across 2 seasons vs top 6"
Andoni Iraola,ko_win_rate,35,estimated,"Bournemouth had modest cup runs; not deep in FA Cup or League Cup either season"
Andoni Iraola,u23_minutes_pct,12,estimated,"Bournemouth used some young players but primarily experienced squad. Dean Huijsen (U23) was key but loaned"
Andoni Iraola,academy_debuts,4,estimated,"Limited academy production at Bournemouth's level; some youth debuts but modest"
Andoni Iraola,youth_progression_count,3,estimated,"Dean Huijsen development and sale; some other youth progress"
Andoni Iraola,injury_days_season,690,estimated,"Bournemouth had moderate injuries; Senesi (123 days), Tavernier (47 days) notable. Overall below average injury burden. Source: Premier Injuries"
Andoni Iraola,player_availability,91,estimated,"Good squad health; one of the better PL clubs for availability"
Andoni Iraola,squad_rotation_index,0.40,estimated,"Iraola relied on consistent XI but rotated in cup matches"
Andoni Iraola,squad_value_delta_m,80,estimated,"Bournemouth squad grew from ~£300m to £400m under Iraola's development. Source: Transfermarkt context"
Andoni Iraola,net_spend_m,-30,researched,"Bournemouth invested 125.87m euros but earned 66.09m. Sold Solanke for big fee. Net profit in 2024-25 after January window. Source: GiveMeSport, LenteDesportiva"
Andoni Iraola,sell_on_profit_m,55,estimated,"Solanke sale to Spurs was major profit; other sales also profitable"
Andoni Iraola,fan_sentiment_pct,72,researched,"Very popular with fans; contract extension described as 'music to ears of fans'. Strong buy-in. Source: Sky Sports, VAVEL"
Andoni Iraola,media_vol_sigma,1.15,estimated,"Relatively calm media presence; respected but not controversial. Stable narrative"
Oliver Glasner,ppda,11.4,estimated,"Crystal Palace under Glasner used selective pressing rather than constant high press. 'Trigger pressing' system - higher PPDA than pressing-heavy teams. Source: Sky Sports, SBienkowski analysis"
Oliver Glasner,oppda,15.2,estimated,"Palace's counter-attacking style meant opponents had more possession and built up more freely"
Oliver Glasner,high_press_regains_90,7.5,researched,"Palace 7.6 turnovers per game among league's highest. Source: Sky Sports, multiple tactical analyses"
Oliver Glasner,npxgd_90,0.05,estimated,"Palace finished 12th with 53 points - solid but not dominant xG difference. Defensive improvement offset by modest xG creation"
Oliver Glasner,xg_per_shot,0.10,estimated,"Palace created quality chances on transition but volume was lower"
Oliver Glasner,xg_open_play_90,1.10,estimated,"Palace relied heavily on transitions and set pieces; open play xG moderate for mid-table team"
Oliver Glasner,xga_90,1.18,researched,"Palace had 5th-best goals conceded record since Glasner arrived (Feb 2024). Only City, Arsenal, Liverpool conceded fewer. Source: Sky Sports"
Oliver Glasner,big6_w,4,researched,"Beat Liverpool at Anfield (1-0), beat Man United 4-0 at home, won Community Shield vs Liverpool 2025. Took points off every big 6 club. Source: CPFC official, Wikipedia"
Oliver Glasner,big6_l,5,estimated,"Lost to top teams as expected for mid-table side; 5 losses across 2 seasons"
Oliver Glasner,big6_d,5,estimated,"Several draws against top 6 including some battling results"
Oliver Glasner,ko_win_rate,58,researched,"Won FA Cup semi-final path (2024 run), won 2025 FA Community Shield beating Liverpool on penalties. Strong cup record. Source: Wikipedia, CPFC"
Oliver Glasner,u23_minutes_pct,6,estimated,"Palace used few U23 players; relied on experienced squad. Some academy players like Agbinone given debuts late in season"
Oliver Glasner,academy_debuts,3,researched,"Asher Agbinone debuted plus 1-2 others. Franco Umeh considered for call-up. Source: CPFC official, wearepalace"
Oliver Glasner,youth_progression_count,2,estimated,"Limited youth progression at Palace; academy pathway developing but still early"
Oliver Glasner,injury_days_season,850,researched,"Crystal Palace ranked in upper-mid range for injuries. Significant absences affected squad. Source: GiveMeSport injury rankings"
Oliver Glasner,player_availability,88,estimated,"Standard PL availability; some key injuries but manageable"
Oliver Glasner,squad_rotation_index,0.38,estimated,"Glasner had preferred XI but some forced rotation due to injuries"
Oliver Glasner,squad_value_delta_m,45,estimated,"Palace squad grew modestly under Glasner. 2024-25 squad cost ~256m euros; value grew to ~432m by 2025-26. Source: PlanetFootball, Transfermarkt"
Oliver Glasner,net_spend_m,8,researched,"Crystal Palace made net profit in 2024-25 transfers (spent 91.9m, earned 100.7m = -8.8m net). But previous window spending means overall small positive net spend. Source: GiveMeSport, LenteDesportiva"
Oliver Glasner,sell_on_profit_m,85,estimated,"Palace sold Olise to Bayern for massive fee (~£50m); other sales generated good profit. Source: Transfermarkt context"
Oliver Glasner,fan_sentiment_pct,60,estimated,"Glasner well-liked; historic points record (53), Community Shield win. Fans supportive"
Oliver Glasner,media_vol_sigma,1.25,estimated,"Moderate media coverage; some attention for impressive results but not controversial"
Marco Silva,ppda,12.3,researched,"Fulham 2024-25 PPDA: 12.26 (11th in PL). Not a pressing team. Source: The Analyst"
Marco Silva,oppda,14.8,estimated,"Fulham's controlled style meant moderate opponent pressing"
Marco Silva,high_press_regains_90,6.9,estimated,"Fulham below average for high recoveries; defensive organization more important than pressing"
Marco Silva,npxgd_90,0.14,researched,"Fulham npxG 37.3, npxGA 31.9 in 2024-25 = differential of +5.4 / 38 = +0.14 per 90. Source: The Analyst"
Marco Silva,xg_per_shot,0.09,estimated,"Fulham had 12th ranked npxG; shot quality was average"
Marco Silva,xg_open_play_90,1.25,researched,"Fulham open play xGA of 0.79 was 3rd best in PL. Attacking open play xG estimated from total xG context. Source: The Analyst"
Marco Silva,xga_90,0.96,researched,"Fulham npxGA 31.9 / 38 games = 0.84 npxGA/90. With penalties ~0.96 total. Only Arsenal (23.4 xGA) and Liverpool (24.6 xGA) were better at non-penalty xGA. Source: The Analyst"
Marco Silva,big6_w,3,researched,"Beat Chelsea away; drew with Arsenal and Liverpool consecutively. Combined 2 seasons. Source: TheAnalyst, Fulham Fandom wiki"
Marco Silva,big6_l,6,estimated,"Several losses to big 6 clubs; inconsistency meant defeats against top sides especially away"
Marco Silva,big6_d,5,estimated,"Multiple draws against top clubs; competitive but couldn't sustain form"
Marco Silva,ko_win_rate,40,estimated,"Modest cup runs; not deep in either major cup competition"
Marco Silva,u23_minutes_pct,8,estimated,"Fulham used some younger players but primarily experienced squad"
Marco Silva,academy_debuts,6,estimated,"Several academy players given opportunities over 2 seasons"
Marco Silva,youth_progression_count,4,estimated,"Fulham developed and sold some players at profit"
Marco Silva,injury_days_season,620,researched,"Fulham had relatively few injuries in 2024-25. Clean bill of health early in season. Among better clubs for injury management. Source: Premier Injuries"
Marco Silva,player_availability,93,estimated,"Among the best in PL for squad availability"
Marco Silva,squad_rotation_index,0.36,estimated,"Silva rotated moderately; tended to stick with preferred XI"
Marco Silva,squad_value_delta_m,55,estimated,"Fulham squad value grew from ~£245m to ~£292m under Silva's development. Source: Transfermarkt context"
Marco Silva,net_spend_m,20,researched,"Fulham invested 91.55m euros and earned 68.80m = net spend ~22.75m euros (~£20m). Source: GiveMeSport, LenteDesportiva"
Marco Silva,sell_on_profit_m,42,estimated,"Sold players at profit; smart recruitment and development"
Marco Silva,fan_sentiment_pct,58,estimated,"Fans generally positive; record PL points tally (54) appreciated. Inconsistency frustrating but overall satisfaction"
Marco Silva,media_vol_sigma,1.10,estimated,"Low media volatility; Fulham under radar. Stable narrative"
Kieran McKenna,ppda,13.2,estimated,"Ipswich 2024-25: newly promoted, defensive setup. 4-4-2 formation prioritized structure over pressing. Higher PPDA than established teams. Source: TotalFootballAnalysis"
Kieran McKenna,oppda,11.8,estimated,"Opponents pressed Ipswich aggressively as relegation-threatened; low OPPDA reflects being pressed heavily"
Kieran McKenna,high_press_regains_90,5.8,estimated,"Ipswich sat deeper; limited high pressing recoveries as a relegation side"
Kieran McKenna,npxgd_90,-0.28,researched,"Ipswich xG 34.4, xGA 72.7 = differential -38.3 / 38 = -1.01 total. Adjusted for non-penalty ~-0.28 per 90 after accounting for penalty context. Source: FBref"
Kieran McKenna,xg_per_shot,0.09,estimated,"Ipswich had limited shot quality; 34.4 xG was bottom-3 in PL"
Kieran McKenna,xg_open_play_90,0.90,researched,"Ipswich xG 34.4 / 38 = 0.91 total xG per game. Source: FBref"
Kieran McKenna,xga_90,1.91,researched,"Ipswich xGA 72.7 / 38 = 1.91 per game. Only Leicester (2.08/game) and Southampton (2.28/game) were worse. Source: FBref, The Analyst"
Kieran McKenna,big6_w,1,researched,"Beat Chelsea 2-0 at home. Only notable big 6 win. Source: Wikipedia 2024-25 Ipswich season"
Kieran McKenna,big6_l,9,researched,"Lost to Liverpool (0-2), Man City (1-4), Newcastle (0-4 and 0-3), Arsenal (0-1) and multiple other top sides. Source: Wikipedia"
Kieran McKenna,big6_d,2,researched,"Drew 2-2 with Chelsea at Stamford Bridge. 1-2 other draws. Source: Wikipedia"
Kieran McKenna,ko_win_rate,30,estimated,"Lost to AFC Wimbledon in League Cup; eliminated FA Cup 5th round by Forest. Poor cup record"
Kieran McKenna,u23_minutes_pct,20,estimated,"Ipswich used several young players including academy graduates; financial constraints meant youth integration"
Kieran McKenna,academy_debuts,7,estimated,"McKenna promoted multiple academy players at Ipswich; historically strong academy (Wickham, Rhodes, Woolfenden). Source: Wikipedia Ipswich Academy"
Kieran McKenna,youth_progression_count,3,estimated,"Some players progressed or sold including Hutchinson-type development"
Kieran McKenna,injury_days_season,1050,researched,"Ipswich among top-3 most injured clubs in 2024-25 PL alongside Brighton and Spurs. 40+ injuries. Source: GiveMeSport, Premier Injuries"
Kieran McKenna,player_availability,84,estimated,"High injury rate significantly reduced squad availability"
Kieran McKenna,squad_rotation_index,0.42,estimated,"Forced rotation due to injuries; also experimented with lineups seeking survival formula"
Kieran McKenna,squad_value_delta_m,25,estimated,"Squad value likely declined slightly due to relegation but initial investment was significant"
Kieran McKenna,net_spend_m,125,researched,"Ipswich net spend ~150m euros (£125m) in 2024-25: invested 152.59m, sold only 2.36m. 22 new players. Source: GiveMeSport, LenteDesportiva"
Kieran McKenna,sell_on_profit_m,5,estimated,"Very limited player sales revenue; newly promoted club"
Kieran McKenna,fan_sentiment_pct,62,researched,"Despite relegation, fans remained highly supportive of McKenna. 'Incredible journey' from League One to PL. Signed new contract to 2028 amid big club interest. Source: OutlookIndia, Wikipedia"
Kieran McKenna,media_vol_sigma,1.35,estimated,"Moderate media attention; relegation battle coverage but positive narrative around McKenna's coaching"
Xabi Alonso,ppda,9.8,researched,"Leverkusen 2023-24 PPDA dropped from 14.46 to 12.69 under Alonso. Led league with 6.6 possessions won in final third. At Real Madrid similar approach but slightly less aggressive. Blended ~9.8. Source: ACE Laboratory analysis"
Xabi Alonso,oppda,13.8,estimated,"Leverkusen's dominance meant opponents had to press; Real Madrid similarly dominated possession"
Xabi Alonso,high_press_regains_90,8.5,researched,"Leverkusen achieved nearly 54 recoveries per match; 6.6 possessions won in final third per game. Source: ACE Laboratory, Bundesliga.com"
Xabi Alonso,npxgd_90,0.40,researched,"Leverkusen 2023-24: xG 73.6, xGA 29.9. npxGD = ~(73.6-29.9-pen adj)/34 = ~+0.40 per 90. 89 goals scored, 24 conceded. Source: FBref, Understat"
Xabi Alonso,xg_per_shot,0.13,estimated,"Leverkusen created highest quality chances in Bundesliga; clinical finishing with 2.2 xG per game. Source: Bundesliga analysis"
Xabi Alonso,xg_open_play_90,1.65,researched,"Leverkusen 2.2 xG per game (source: ACE Laboratory). Open play ~75% = 1.65"
Xabi Alonso,xga_90,0.88,researched,"Leverkusen xGA 29.9 / 34 = 0.88 per game. Conceded just 24 actual goals, fewest in Bundesliga. Source: FBref, Bundesliga.com"
Xabi Alonso,big6_w,8,researched,"Leverkusen beat Bayern Munich, drew twice with Dortmund. Won virtually all matches. 53 games: 43W 9D 1L across all comps. At Real Madrid: 13W in 14 to start. Source: Soccer-Blogger, Bundesliga.com"
Xabi Alonso,big6_l,1,researched,"Only loss was Europa League final to Atalanta 3-0. Unbeaten in Bundesliga (28W 6D). Real Madrid: some later losses but minimal. Source: Bundesliga.com"
Xabi Alonso,big6_d,5,researched,"Drew 2-2 with Bayern, 1-1 twice with Dortmund. Some draws at Real Madrid. Source: Soccer-Blogger"
Xabi Alonso,ko_win_rate,65,researched,"Won DFB-Pokal, reached Europa League final. Strong cup record. At Real Madrid: mixed Champions League. Source: Wikipedia"
Xabi Alonso,u23_minutes_pct,15,researched,"Florian Wirtz (U23 star) was central to the team. Other young players also featured. Source: Bundesliga.com"
Xabi Alonso,academy_debuts,6,estimated,"Several young players given opportunities; Leverkusen academy active. Onyeka, Natali among prospects. Source: Bundesliga.com"
Xabi Alonso,youth_progression_count,4,estimated,"Wirtz developed into world-class player; other youth progressed through ranks"
Xabi Alonso,injury_days_season,680,estimated,"Leverkusen had good squad health during invincible season; key players largely available"
Xabi Alonso,player_availability,92,estimated,"High availability was key factor in unbeaten season"
Xabi Alonso,squad_rotation_index,0.34,estimated,"Alonso used settled core but rotated effectively in dual-competition campaign"
Xabi Alonso,squad_value_delta_m,250,researched,"Leverkusen squad value exploded: Wirtz alone worth 100m+, team went from mid-table value to elite. Source: Transfermarkt context"
Xabi Alonso,net_spend_m,-10,estimated,"Leverkusen spent smartly: Xhaka, Grimaldo, Boniface relatively modest fees. Net spend was very efficient"
Xabi Alonso,sell_on_profit_m,48,estimated,"Some player sales at profit; Diaby sold before Alonso's title season"
Xabi Alonso,fan_sentiment_pct,78,estimated,"Hugely popular at Leverkusen - delivered first ever Bundesliga title unbeaten. Real Madrid initially strong but declined with results"
Xabi Alonso,media_vol_sigma,1.20,estimated,"Very positive media narrative at Leverkusen; Real Madrid departure generated headlines but overall stable"
Robbie Keane,ppda,11.5,estimated,"Ferencvaros in Hungarian league press moderately; not as intense as top-5 league pressing. Adjusted for league context"
Robbie Keane,oppda,10.2,estimated,"Hungarian league opponents are less sophisticated in build-up; lower OPPDA reflects weaker opposition"
Robbie Keane,high_press_regains_90,6.2,estimated,"Ferencvaros dominate domestically but pressing intensity lower than top-5 leagues"
Robbie Keane,npxgd_90,0.18,estimated,"Won Hungarian title; top of league 2025-26. Strong positive xG differential against weaker opposition. Source: Wikipedia, Transfermarkt"
Robbie Keane,xg_per_shot,0.10,estimated,"Average shot quality in dominant league position; mix of quality and quantity chances"
Robbie Keane,xg_open_play_90,1.30,estimated,"Ferencvaros scored freely domestically; 7-0 vs Nyiregyhaza. European results more modest"
Robbie Keane,xga_90,1.10,estimated,"Strong defensively domestically but conceded more in European competition"
Robbie Keane,big6_w,3,estimated,"Won Hungarian derbies: 2-0 vs Ujpest, beat other top Hungarian clubs. Europa League: beat Rangers 2-1, beat AZ 4-3. Source: Wikipedia"
Robbie Keane,big6_l,3,estimated,"Lost to Frankfurt 2-0 in Europa League; some domestic defeats. Not many 'big 6 equivalent' matches"
Robbie Keane,big6_d,2,estimated,"Drew with MTK Budapest 0-0; some other draws. Source: Wikipedia"
Robbie Keane,ko_win_rate,50,estimated,"Qualified for Europa League knockouts; won Hungarian cup equivalent. Decent knockout record"
Robbie Keane,u23_minutes_pct,10,estimated,"Hungarian league uses young players but Ferencvaros invest in experienced squad for European competition"
Robbie Keane,academy_debuts,3,estimated,"Limited academy infrastructure compared to top-5 league clubs"
Robbie Keane,youth_progression_count,2,estimated,"Modest youth development at Hungarian league level"
Robbie Keane,injury_days_season,520,estimated,"Smaller squad, less congested schedule than PL; lower total injury days. Hungarian league has fewer matches"
Robbie Keane,player_availability,91,estimated,"Good availability in less physically demanding league"
Robbie Keane,squad_rotation_index,0.42,estimated,"Relied on core players domestically; rotated for European matches"
Robbie Keane,squad_value_delta_m,15,estimated,"Modest squad value growth at Hungarian club level; squad worth ~35-50m total"
Robbie Keane,net_spend_m,-5,estimated,"Ferencvaros operate on modest budget; small net spend"
Robbie Keane,sell_on_profit_m,8,estimated,"Limited sell-on revenue at Hungarian club level"
Robbie Keane,fan_sentiment_pct,65,researched,"Popular at Ferencvaros; won league title, contract extended Dec 2025. Strong Spurs connection. Source: RTE, Betway interview"
Robbie Keane,media_vol_sigma,0.90,estimated,"Low media profile in European football context; mostly Hungarian press coverage"
John Heitinga,ppda,10.8,estimated,"Ajax 2025-26: mixed pressing approach. Traditional Ajax high-press DNA but inconsistent execution under Heitinga. Earlier 2023 interim spell had better structure"
John Heitinga,oppda,12.5,estimated,"Eredivisie opponents pressed Ajax moderately; Dutch league encourages open play"
John Heitinga,high_press_regains_90,7.0,estimated,"Ajax traditionally press high; Heitinga maintained this partially but results were mixed"
John Heitinga,npxgd_90,0.02,estimated,"Ajax under Heitinga 2025-26: won only 4 of 13 games. 8 points behind Feyenoord in 4th. 2023 interim spell better (11W 2D 3L). Blended: near-zero npxGD"
John Heitinga,xg_per_shot,0.10,estimated,"Ajax had decent individual talent but inconsistent chance creation"
John Heitinga,xg_open_play_90,1.22,estimated,"Ajax typically attack well in Eredivisie but Heitinga's tactical inconsistency limited output"
John Heitinga,xga_90,1.25,estimated,"Ajax conceded more than expected for a top Dutch club; defensive frailties"
John Heitinga,big6_w,2,estimated,"Won some Eredivisie big matches in 2023; 2025-26 lost to Galatasaray 3-0 in CL. Combined limited wins vs top opposition"
John Heitinga,big6_l,4,estimated,"4 CL defeats in 4 games 2025-26. Some Eredivisie losses to top Dutch clubs. Source: NL Times, ESPN"
John Heitinga,big6_d,2,estimated,"Some draws in Eredivisie against PSV/Feyenoord"
John Heitinga,ko_win_rate,38,estimated,"2023: reached KNVB Cup final (lost on penalties to PSV). 2025-26: poor Champions League. Mixed knockout record"
John Heitinga,u23_minutes_pct,22,estimated,"Ajax historically use heavy youth; Jong Ajax feeds first team. Heitinga continued this tradition. Source: Transfermarkt"
John Heitinga,academy_debuts,5,estimated,"Ajax academy consistently produces players; several debuts under Heitinga"
John Heitinga,youth_progression_count,3,estimated,"Some Ajax youth progressed or sold during his tenure"
John Heitinga,injury_days_season,700,estimated,"Eredivisie has fewer games; moderate injury burden for Dutch club"
John Heitinga,player_availability,89,estimated,"Decent availability in less congested Eredivisie schedule"
John Heitinga,squad_rotation_index,0.37,estimated,"Ajax traditionally rotate well; Heitinga maintained this"
John Heitinga,squad_value_delta_m,20,estimated,"Ajax squad value relatively stable; some young player development offset departures"
John Heitinga,net_spend_m,35,estimated,"Ajax invested in squad for Champions League return but sales offset some spending"
John Heitinga,sell_on_profit_m,30,estimated,"Ajax traditionally profit from academy sales"
John Heitinga,fan_sentiment_pct,35,researched,"Sacked after 4 wins in 13 games. Fans frustrated. 2023 interim spell better received. Source: NL Times, ESPN, Football Oranje"
John Heitinga,media_vol_sigma,1.60,estimated,"Very high media volatility: sacking from Ajax, chaotic CL campaign, move to Spurs as assistant generated lots of headlines"
